Type,Name,Request Count,Failure Count,Median Response Time,Average Response Time,Min Response Time,Max Response Time,Average Content Size,Requests/s,Failures/s,50%,66%,75%,80%,90%,95%,98%,99%,99.9%,99.99%,100%
GET,GET / (index),177,0,3,3.6997057402009568,1.332791998720495,12.400499999785097,602.0,6.084710929602298,0.0,3,4,5,5,6,7,8,10,12,12,12
GET,GET /book/<comp>/<club>,82,0,3,3.9263166097775755,1.4048330012883525,9.60858300095424,660.0,2.8189056284033245,0.0,3,5,6,6,7,8,9,10,10,10,10
GET,GET /clubs (scoreboard),177,0,3,3.8100242598960965,1.4282080010161735,8.67337499948917,1251.0282485875707,6.084710929602298,0.0,3,5,5,6,6,7,8,8,9,9,9
POST,POST /purchasePlaces (book),82,0,2,2.766864804670615,1.3271669995447155,8.866041000146652,842.9146341463414,2.8189056284033245,0.0,3,3,3,4,4,5,5,9,9,9,9
POST,POST /showSummary (login),108,0,3,3.964645083316201,1.375083997118054,10.015542000473943,979.0185185185185,3.7127049739946223,0.0,3,4,5,5,7,8,9,10,10,10,10
,Aggregated,626,0,3,3.6840970527157824,1.3271669995447155,12.400499999785097,889.7108626198083,21.519938090005866,0.0,3,4,5,5,6,7,8,9,12,12,12
